age,class,credit_rating,has_job,name,own_house,salary
young,No,fair,False,a,False,20000
young,No,good,False,b,False,15000
young,Yes,good,True,c,False,17000
young,Yes,fair,True,d,True,14000
young,No,fair,False,e,False,25000
middle,No,fair,False,f,False,30000
middle,No,good,False,g,False,24000
middle,Yes,good,True,h,True,26000
middle,Yes,excellent,False,i,True,22000
middle,Yes,excellent,False,j,True,20000
old,Yes,excellent,False,k,True,22000
old,Yes,good,False,l,True,25000
old,Yes,good,True,m,False,19000
old,Yes,excellent,True,n,False,17000
old,No,fair,False,o,False,20000
